<?xml version="1.0" encoding="UTF-8" standalone="no"?><Summary><Stat><Name>availSeatKMPerWeek</Name><Min>259373346</Min><Max>7139291291</Max><Avg>1384621304.73</Avg></Stat><Stat><Name>incidents85to99</Name><Min>0</Min><Max>76</Max><Avg>7.18</Avg></Stat><Stat><Name>fatalAccidents85to99</Name><Min>0</Min><Max>14</Max><Avg>2.18</Avg></Stat><Stat><Name>fatalities85to99</Name><Min>0</Min><Max>535</Max><Avg>112.41</Avg></Stat><Stat><Name>incidents00to14</Name><Min>0</Min><Max>24</Max><Avg>4.12</Avg></Stat><Stat><Name>fatalAccidents00to14</Name><Min>0</Min><Max>3</Max><Avg>0.66</Avg></Stat><Stat><Name>fatalities00to14</Name><Min>0</Min><Max>537</Max><Avg>55.52</Avg></Stat><Stat><Name>totalIncidents</Name><Min>0</Min><Max>82</Max><Avg>11.3</Avg></Stat><Stat><Name>averageIncidents85to99</Name><Avg>7.18</Avg></Stat><Stat><Name>averageIncidents00to14</Name><Avg>4.12</Avg></Stat></Summary>