<?xml version="1.0" encoding="UTF-8" standalone="no"?><Airline_Safety><Airline name="Aer Lingus"><AvailSeatKmPerWeek>320906734</AvailSeatKmPerWeek><Incidents85to99>2</Incidents85to99><FatalAccident85to99>0</FatalAccident85to99><Fatalities85to99>0</Fatalities85to99><Incidents00to14>0</Incidents00to14><FatalAccidents00to14>0</FatalAccidents00to14><Fatalities00to14>0</Fatalities00to14><TotalIncidents>2</TotalIncidents></Airline><Airline name="Aeroflot*"><AvailSeatKmPerWeek>1197672318</AvailSeatKmPerWeek><Incidents85to99>76</Incidents85to99><FatalAccident85to99>14</FatalAccident85to99><Fatalities85to99>128</Fatalities85to99><Incidents00to14>6</Incidents00to14><FatalAccidents00to14>1</FatalAccidents00to14><Fatalities00to14>88</Fatalities00to14><TotalIncidents>82</TotalIncidents></Airline><Airline name="Aerolineas Argentinas"><AvailSeatKmPerWeek>385803648</AvailSeatKmPerWeek><Incidents85to99>6</Incidents85to99><FatalAccident85to99>0</FatalAccident85to99><Fatalities85to99>0</Fatalities85to99><Incidents00to14>1</Incidents00to14><FatalAccidents00to14>0</FatalAccidents00to14><Fatalities00to14>0</Fatalities00to14><TotalIncidents>7</TotalIncidents></Airline><Airline name="Aeromexico*"><AvailSeatKmPerWeek>596871813</AvailSeatKmPerWeek><Incidents85to99>3</Incidents85to99><FatalAccident85to99>1</FatalAccident85to99><Fatalities85to99>64</Fatalities85to99><Incidents00to14>5</Incidents00to14><FatalAccidents00to14>0</FatalAccidents00to14><Fatalities00to14>0</Fatalities00to14><TotalIncidents>8</TotalIncidents></Airline><Airline name="Air Canada"><AvailSeatKmPerWeek>1865253802</AvailSeatKmPerWeek><Incidents85to99>2</Incidents85to99><FatalAccident85to99>0</FatalAccident85to99><Fatalities85to99>0</Fatalities85to99><Incidents00to14>2</Incidents00to14><FatalAccidents00to14>0</FatalAccidents00to14><Fatalities00to14>0</Fatalities00to14><TotalIncidents>4</TotalIncidents></Airline><Airline name="Air France"><AvailSeatKmPerWeek>3004002661</AvailSeatKmPerWeek><Incidents85to99>14</Incidents85to99><FatalAccident85to99>4</FatalAccident85to99><Fatalities85to99>79</Fatalities85to99><Incidents00to14>6</Incidents00to14><FatalAccidents00to14>2</FatalAccidents00to14><Fatalities00to14>337</Fatalities00to14><TotalIncidents>20</TotalIncidents></Airline><Airline name="Air India*"><AvailSeatKmPerWeek>869253552</AvailSeatKmPerWeek><Incidents85to99>2</Incidents85to99><FatalAccident85to99>1</FatalAccident85to99><Fatalities85to99>329</Fatalities85to99><Incidents00to14>4</Incidents00to14><FatalAccidents00to14>1</FatalAccidents00to14><Fatalities00to14>158</Fatalities00to14><TotalIncidents>6</TotalIncidents></Airline><Airline name="Air New Zealand*"><AvailSeatKmPerWeek>710174817</AvailSeatKmPerWeek><Incidents85to99>3</Incidents85to99><FatalAccident85to99>0</FatalAccident85to99><Fatalities85to99>0</Fatalities85to99><Incidents00to14>5</Incidents00to14><FatalAccidents00to14>1</FatalAccidents00to14><Fatalities00to14>7</Fatalities00to14><TotalIncidents>8</TotalIncidents></Airline><Airline name="Alaska Airlines*"><AvailSeatKmPerWeek>965346773</AvailSeatKmPerWeek><Incidents85to99>5</Incidents85to99><FatalAccident85to99>0</FatalAccident85to99><Fatalities85to99>0</Fatalities85to99><Incidents00to14>5</Incidents00to14><FatalAccidents00to14>1</FatalAccidents00to14><Fatalities00to14>88</Fatalities00to14><TotalIncidents>10</TotalIncidents></Airline><Airline name="Alitalia"><AvailSeatKmPerWeek>698012498</AvailSeatKmPerWeek><Incidents85to99>7</Incidents85to99><FatalAccident85to99>2</FatalAccident85to99><Fatalities85to99>50</Fatalities85to99><Incidents00to14>4</Incidents00to14><FatalAccidents00to14>0</FatalAccidents00to14><Fatalities00to14>0</Fatalities00to14><TotalIncidents>11</TotalIncidents></Airline><Airline name="All Nippon Airways"><AvailSeatKmPerWeek>1841234177</AvailSeatKmPerWeek><Incidents85to99>3</Incidents85to99><FatalAccident85to99>1</FatalAccident85to99><Fatalities85to99>1</Fatalities85to99><Incidents00to14>7</Incidents00to14><FatalAccidents00to14>0</FatalAccidents00to14><Fatalities00to14>0</Fatalities00to14><TotalIncidents>10</TotalIncidents></Airline><Airline name="American*"><AvailSeatKmPerWeek>5228357340</AvailSeatKmPerWeek><Incidents85to99>21</Incidents85to99><FatalAccident85to99>5</FatalAccident85to99><Fatalities85to99>101</Fatalities85to99><Incidents00to14>17</Incidents00to14><FatalAccidents00to14>3</FatalAccidents00to14><Fatalities00to14>416</Fatalities00to14><TotalIncidents>38</TotalIncidents></Airline><Airline name="Austrian Airlines"><AvailSeatKmPerWeek>358239823</AvailSeatKmPerWeek><Incidents85to99>1</Incidents85to99><FatalAccident85to99>0</FatalAccident85to99><Fatalities85to99>0</Fatalities85to99><Incidents00to14>1</Incidents00to14><FatalAccidents00to14>0</FatalAccidents00to14><Fatalities00to14>0</Fatalities00to14><TotalIncidents>2</TotalIncidents></Airline><Airline name="Avianca"><AvailSeatKmPerWeek>396922563</AvailSeatKmPerWeek><Incidents85to99>5</Incidents85to99><FatalAccident85to99>3</FatalAccident85to99><Fatalities85to99>323</Fatalities85to99><Incidents00to14>0</Incidents00to14><FatalAccidents00to14>0</FatalAccidents00to14><Fatalities00to14>0</Fatalities00to14><TotalIncidents>5</TotalIncidents></Airline><Airline name="British Airways*"><AvailSeatKmPerWeek>3179760952</AvailSeatKmPerWeek><Incidents85to99>4</Incidents85to99><FatalAccident85to99>0</FatalAccident85to99><Fatalities85to99>0</Fatalities85to99><Incidents00to14>6</Incidents00to14><FatalAccidents00to14>0</FatalAccidents00to14><Fatalities00to14>0</Fatalities00to14><TotalIncidents>10</TotalIncidents></Airline><Airline name="Cathay Pacific*"><AvailSeatKmPerWeek>2582459303</AvailSeatKmPerWeek><Incidents85to99>0</Incidents85to99><FatalAccident85to99>0</FatalAccident85to99><Fatalities85to99>0</Fatalities85to99><Incidents00to14>2</Incidents00to14><FatalAccidents00to14>0</FatalAccidents00to14><Fatalities00to14>0</Fatalities00to14><TotalIncidents>2</TotalIncidents></Airline><Airline name="China Airlines"><AvailSeatKmPerWeek>813216487</AvailSeatKmPerWeek><Incidents85to99>12</Incidents85to99><FatalAccident85to99>6</FatalAccident85to99><Fatalities85to99>535</Fatalities85to99><Incidents00to14>2</Incidents00to14><FatalAccidents00to14>1</FatalAccidents00to14><Fatalities00to14>225</Fatalities00to14><TotalIncidents>14</TotalIncidents></Airline><Airline name="Condor"><AvailSeatKmPerWeek>417982610</AvailSeatKmPerWeek><Incidents85to99>2</Incidents85to99><FatalAccident85to99>1</FatalAccident85to99><Fatalities85to99>16</Fatalities85to99><Incidents00to14>0</Incidents00to14><FatalAccidents00to14>0</FatalAccidents00to14><Fatalities00to14>0</Fatalities00to14><TotalIncidents>2</TotalIncidents></Airline><Airline name="COPA"><AvailSeatKmPerWeek>550491507</AvailSeatKmPerWeek><Incidents85to99>3</Incidents85to99><FatalAccident85to99>1</FatalAccident85to99><Fatalities85to99>47</Fatalities85to99><Incidents00to14>0</Incidents00to14><FatalAccidents00to14>0</FatalAccidents00to14><Fatalities00to14>0</Fatalities00to14><TotalIncidents>3</TotalIncidents></Airline><Airline name="Delta / Northwest*"><AvailSeatKmPerWeek>6525658894</AvailSeatKmPerWeek><Incidents85to99>24</Incidents85to99><FatalAccident85to99>12</FatalAccident85to99><Fatalities85to99>407</Fatalities85to99><Incidents00to14>24</Incidents00to14><FatalAccidents00to14>2</FatalAccidents00to14><Fatalities00to14>51</Fatalities00to14><TotalIncidents>48</TotalIncidents></Airline><Airline name="Egyptair"><AvailSeatKmPerWeek>557699891</AvailSeatKmPerWeek><Incidents85to99>8</Incidents85to99><FatalAccident85to99>3</FatalAccident85to99><Fatalities85to99>282</Fatalities85to99><Incidents00to14>4</Incidents00to14><FatalAccidents00to14>1</FatalAccidents00to14><Fatalities00to14>14</Fatalities00to14><TotalIncidents>12</TotalIncidents></Airline><Airline name="El Al"><AvailSeatKmPerWeek>335448023</AvailSeatKmPerWeek><Incidents85to99>1</Incidents85to99><FatalAccident85to99>1</FatalAccident85to99><Fatalities85to99>4</Fatalities85to99><Incidents00to14>1</Incidents00to14><FatalAccidents00to14>0</FatalAccidents00to14><Fatalities00to14>0</Fatalities00to14><TotalIncidents>2</TotalIncidents></Airline><Airline name="Ethiopian Airlines"><AvailSeatKmPerWeek>488560643</AvailSeatKmPerWeek><Incidents85to99>25</Incidents85to99><FatalAccident85to99>5</FatalAccident85to99><Fatalities85to99>167</Fatalities85to99><Incidents00to14>5</Incidents00to14><FatalAccidents00to14>2</FatalAccidents00to14><Fatalities00to14>92</Fatalities00to14><TotalIncidents>30</TotalIncidents></Airline><Airline name="Finnair"><AvailSeatKmPerWeek>506464950</AvailSeatKmPerWeek><Incidents85to99>1</Incidents85to99><FatalAccident85to99>0</FatalAccident85to99><Fatalities85to99>0</Fatalities85to99><Incidents00to14>0</Incidents00to14><FatalAccidents00to14>0</FatalAccidents00to14><Fatalities00to14>0</Fatalities00to14><TotalIncidents>1</TotalIncidents></Airline><Airline name="Garuda Indonesia"><AvailSeatKmPerWeek>613356665</AvailSeatKmPerWeek><Incidents85to99>10</Incidents85to99><FatalAccident85to99>3</FatalAccident85to99><Fatalities85to99>260</Fatalities85to99><Incidents00to14>4</Incidents00to14><FatalAccidents00to14>2</FatalAccidents00to14><Fatalities00to14>22</Fatalities00to14><TotalIncidents>14</TotalIncidents></Airline><Airline name="Gulf Air"><AvailSeatKmPerWeek>301379762</AvailSeatKmPerWeek><Incidents85to99>1</Incidents85to99><FatalAccident85to99>0</FatalAccident85to99><Fatalities85to99>0</Fatalities85to99><Incidents00to14>3</Incidents00to14><FatalAccidents00to14>1</FatalAccidents00to14><Fatalities00to14>143</Fatalities00to14><TotalIncidents>4</TotalIncidents></Airline><Airline name="Hawaiian Airlines"><AvailSeatKmPerWeek>493877795</AvailSeatKmPerWeek><Incidents85to99>0</Incidents85to99><FatalAccident85to99>0</FatalAccident85to99><Fatalities85to99>0</Fatalities85to99><Incidents00to14>1</Incidents00to14><FatalAccidents00to14>0</FatalAccidents00to14><Fatalities00to14>0</Fatalities00to14><TotalIncidents>1</TotalIncidents></Airline><Airline name="Iberia"><AvailSeatKmPerWeek>1173203126</AvailSeatKmPerWeek><Incidents85to99>4</Incidents85to99><FatalAccident85to99>1</FatalAccident85to99><Fatalities85to99>148</Fatalities85to99><Incidents00to14>5</Incidents00to14><FatalAccidents00to14>0</FatalAccidents00to14><Fatalities00to14>0</Fatalities00to14><TotalIncidents>9</TotalIncidents></Airline><Airline name="Japan Airlines"><AvailSeatKmPerWeek>1574217531</AvailSeatKmPerWeek><Incidents85to99>3</Incidents85to99><FatalAccident85to99>1</FatalAccident85to99><Fatalities85to99>520</Fatalities85to99><Incidents00to14>0</Incidents00to14><FatalAccidents00to14>0</FatalAccidents00to14><Fatalities00to14>0</Fatalities00to14><TotalIncidents>3</TotalIncidents></Airline><Airline name="Kenya Airways"><AvailSeatKmPerWeek>277414794</AvailSeatKmPerWeek><Incidents85to99>2</Incidents85to99><FatalAccident85to99>0</FatalAccident85to99><Fatalities85to99>0</Fatalities85to99><Incidents00to14>2</Incidents00to14><FatalAccidents00to14>2</FatalAccidents00to14><Fatalities00to14>283</Fatalities00to14><TotalIncidents>4</TotalIncidents></Airline><Airline name="KLM*"><AvailSeatKmPerWeek>1874561773</AvailSeatKmPerWeek><Incidents85to99>7</Incidents85to99><FatalAccident85to99>1</FatalAccident85to99><Fatalities85to99>3</Fatalities85to99><Incidents00to14>1</Incidents00to14><FatalAccidents00to14>0</FatalAccidents00to14><Fatalities00to14>0</Fatalities00to14><TotalIncidents>8</TotalIncidents></Airline><Airline name="Korean Air"><AvailSeatKmPerWeek>1734522605</AvailSeatKmPerWeek><Incidents85to99>12</Incidents85to99><FatalAccident85to99>5</FatalAccident85to99><Fatalities85to99>425</Fatalities85to99><Incidents00to14>1</Incidents00to14><FatalAccidents00to14>0</FatalAccidents00to14><Fatalities00to14>0</Fatalities00to14><TotalIncidents>13</TotalIncidents></Airline><Airline name="LAN Airlines"><AvailSeatKmPerWeek>1001965891</AvailSeatKmPerWeek><Incidents85to99>3</Incidents85to99><FatalAccident85to99>2</FatalAccident85to99><Fatalities85to99>21</Fatalities85to99><Incidents00to14>0</Incidents00to14><FatalAccidents00to14>0</FatalAccidents00to14><Fatalities00to14>0</Fatalities00to14><TotalIncidents>3</TotalIncidents></Airline><Airline name="Lufthansa*"><AvailSeatKmPerWeek>3426529504</AvailSeatKmPerWeek><Incidents85to99>6</Incidents85to99><FatalAccident85to99>1</FatalAccident85to99><Fatalities85to99>2</Fatalities85to99><Incidents00to14>3</Incidents00to14><FatalAccidents00to14>0</FatalAccidents00to14><Fatalities00to14>0</Fatalities00to14><TotalIncidents>9</TotalIncidents></Airline><Airline name="Malaysia Airlines"><AvailSeatKmPerWeek>1039171244</AvailSeatKmPerWeek><Incidents85to99>3</Incidents85to99><FatalAccident85to99>1</FatalAccident85to99><Fatalities85to99>34</Fatalities85to99><Incidents00to14>3</Incidents00to14><FatalAccidents00to14>2</FatalAccidents00to14><Fatalities00to14>537</Fatalities00to14><TotalIncidents>6</TotalIncidents></Airline><Airline name="Pakistan International"><AvailSeatKmPerWeek>348563137</AvailSeatKmPerWeek><Incidents85to99>8</Incidents85to99><FatalAccident85to99>3</FatalAccident85to99><Fatalities85to99>234</Fatalities85to99><Incidents00to14>10</Incidents00to14><FatalAccidents00to14>2</FatalAccidents00to14><Fatalities00to14>46</Fatalities00to14><TotalIncidents>18</TotalIncidents></Airline><Airline name="Philippine Airlines"><AvailSeatKmPerWeek>413007158</AvailSeatKmPerWeek><Incidents85to99>7</Incidents85to99><FatalAccident85to99>4</FatalAccident85to99><Fatalities85to99>74</Fatalities85to99><Incidents00to14>2</Incidents00to14><FatalAccidents00to14>1</FatalAccidents00to14><Fatalities00to14>1</Fatalities00to14><TotalIncidents>9</TotalIncidents></Airline><Airline name="Qantas*"><AvailSeatKmPerWeek>1917428984</AvailSeatKmPerWeek><Incidents85to99>1</Incidents85to99><FatalAccident85to99>0</FatalAccident85to99><Fatalities85to99>0</Fatalities85to99><Incidents00to14>5</Incidents00to14><FatalAccidents00to14>0</FatalAccidents00to14><Fatalities00to14>0</Fatalities00to14><TotalIncidents>6</TotalIncidents></Airline><Airline name="Royal Air Maroc"><AvailSeatKmPerWeek>295705339</AvailSeatKmPerWeek><Incidents85to99>5</Incidents85to99><FatalAccident85to99>3</FatalAccident85to99><Fatalities85to99>51</Fatalities85to99><Incidents00to14>3</Incidents00to14><FatalAccidents00to14>0</FatalAccidents00to14><Fatalities00to14>0</Fatalities00to14><TotalIncidents>8</TotalIncidents></Airline><Airline name="SAS*"><AvailSeatKmPerWeek>682971852</AvailSeatKmPerWeek><Incidents85to99>5</Incidents85to99><FatalAccident85to99>0</FatalAccident85to99><Fatalities85to99>0</Fatalities85to99><Incidents00to14>6</Incidents00to14><FatalAccidents00to14>1</FatalAccidents00to14><Fatalities00to14>110</Fatalities00to14><TotalIncidents>11</TotalIncidents></Airline><Airline name="Saudi Arabian"><AvailSeatKmPerWeek>859673901</AvailSeatKmPerWeek><Incidents85to99>7</Incidents85to99><FatalAccident85to99>2</FatalAccident85to99><Fatalities85to99>313</Fatalities85to99><Incidents00to14>11</Incidents00to14><FatalAccidents00to14>0</FatalAccidents00to14><Fatalities00to14>0</Fatalities00to14><TotalIncidents>18</TotalIncidents></Airline><Airline name="Singapore Airlines"><AvailSeatKmPerWeek>2376857805</AvailSeatKmPerWeek><Incidents85to99>2</Incidents85to99><FatalAccident85to99>2</FatalAccident85to99><Fatalities85to99>6</Fatalities85to99><Incidents00to14>2</Incidents00to14><FatalAccidents00to14>1</FatalAccidents00to14><Fatalities00to14>83</Fatalities00to14><TotalIncidents>4</TotalIncidents></Airline><Airline name="South African"><AvailSeatKmPerWeek>651502442</AvailSeatKmPerWeek><Incidents85to99>2</Incidents85to99><FatalAccident85to99>1</FatalAccident85to99><Fatalities85to99>159</Fatalities85to99><Incidents00to14>1</Incidents00to14><FatalAccidents00to14>0</FatalAccidents00to14><Fatalities00to14>0</Fatalities00to14><TotalIncidents>3</TotalIncidents></Airline><Airline name="Southwest Airlines"><AvailSeatKmPerWeek>3276525770</AvailSeatKmPerWeek><Incidents85to99>1</Incidents85to99><FatalAccident85to99>0</FatalAccident85to99><Fatalities85to99>0</Fatalities85to99><Incidents00to14>8</Incidents00to14><FatalAccidents00to14>0</FatalAccidents00to14><Fatalities00to14>0</Fatalities00to14><TotalIncidents>9</TotalIncidents></Airline><Airline name="Sri Lankan / AirLanka"><AvailSeatKmPerWeek>325582976</AvailSeatKmPerWeek><Incidents85to99>2</Incidents85to99><FatalAccident85to99>1</FatalAccident85to99><Fatalities85to99>14</Fatalities85to99><Incidents00to14>4</Incidents00to14><FatalAccidents00to14>0</FatalAccidents00to14><Fatalities00to14>0</Fatalities00to14><TotalIncidents>6</TotalIncidents></Airline><Airline name="SWISS*"><AvailSeatKmPerWeek>792601299</AvailSeatKmPerWeek><Incidents85to99>2</Incidents85to99><FatalAccident85to99>1</FatalAccident85to99><Fatalities85to99>229</Fatalities85to99><Incidents00to14>3</Incidents00to14><FatalAccidents00to14>0</FatalAccidents00to14><Fatalities00to14>0</Fatalities00to14><TotalIncidents>5</TotalIncidents></Airline><Airline name="TACA"><AvailSeatKmPerWeek>259373346</AvailSeatKmPerWeek><Incidents85to99>3</Incidents85to99><FatalAccident85to99>1</FatalAccident85to99><Fatalities85to99>3</Fatalities85to99><Incidents00to14>1</Incidents00to14><FatalAccidents00to14>1</FatalAccidents00to14><Fatalities00to14>3</Fatalities00to14><TotalIncidents>4</TotalIncidents></Airline><Airline name="TAM"><AvailSeatKmPerWeek>1509195646</AvailSeatKmPerWeek><Incidents85to99>8</Incidents85to99><FatalAccident85to99>3</FatalAccident85to99><Fatalities85to99>98</Fatalities85to99><Incidents00to14>7</Incidents00to14><FatalAccidents00to14>2</FatalAccidents00to14><Fatalities00to14>188</Fatalities00to14><TotalIncidents>15</TotalIncidents></Airline><Airline name="TAP - Air Portugal"><AvailSeatKmPerWeek>619130754</AvailSeatKmPerWeek><Incidents85to99>0</Incidents85to99><FatalAccident85to99>0</FatalAccident85to99><Fatalities85to99>0</Fatalities85to99><Incidents00to14>0</Incidents00to14><FatalAccidents00to14>0</FatalAccidents00to14><Fatalities00to14>0</Fatalities00to14><TotalIncidents>0</TotalIncidents></Airline><Airline name="Thai Airways"><AvailSeatKmPerWeek>1702802250</AvailSeatKmPerWeek><Incidents85to99>8</Incidents85to99><FatalAccident85to99>4</FatalAccident85to99><Fatalities85to99>308</Fatalities85to99><Incidents00to14>2</Incidents00to14><FatalAccidents00to14>1</FatalAccidents00to14><Fatalities00to14>1</Fatalities00to14><TotalIncidents>10</TotalIncidents></Airline><Airline name="Turkish Airlines"><AvailSeatKmPerWeek>1946098294</AvailSeatKmPerWeek><Incidents85to99>8</Incidents85to99><FatalAccident85to99>3</FatalAccident85to99><Fatalities85to99>64</Fatalities85to99><Incidents00to14>8</Incidents00to14><FatalAccidents00to14>2</FatalAccidents00to14><Fatalities00to14>84</Fatalities00to14><TotalIncidents>16</TotalIncidents></Airline><Airline name="United / Continental*"><AvailSeatKmPerWeek>7139291291</AvailSeatKmPerWeek><Incidents85to99>19</Incidents85to99><FatalAccident85to99>8</FatalAccident85to99><Fatalities85to99>319</Fatalities85to99><Incidents00to14>14</Incidents00to14><FatalAccidents00to14>2</FatalAccidents00to14><Fatalities00to14>109</Fatalities00to14><TotalIncidents>33</TotalIncidents></Airline><Airline name="US Airways / America West*"><AvailSeatKmPerWeek>2455687887</AvailSeatKmPerWeek><Incidents85to99>16</Incidents85to99><FatalAccident85to99>7</FatalAccident85to99><Fatalities85to99>224</Fatalities85to99><Incidents00to14>11</Incidents00to14><FatalAccidents00to14>2</FatalAccidents00to14><Fatalities00to14>23</Fatalities00to14><TotalIncidents>27</TotalIncidents></Airline><Airline name="Vietnam Airlines"><AvailSeatKmPerWeek>625084918</AvailSeatKmPerWeek><Incidents85to99>7</Incidents85to99><FatalAccident85to99>3</FatalAccident85to99><Fatalities85to99>171</Fatalities85to99><Incidents00to14>1</Incidents00to14><FatalAccidents00to14>0</FatalAccidents00to14><Fatalities00to14>0</Fatalities00to14><TotalIncidents>8</TotalIncidents></Airline><Airline name="Virgin Atlantic"><AvailSeatKmPerWeek>1005248585</AvailSeatKmPerWeek><Incidents85to99>1</Incidents85to99><FatalAccident85to99>0</FatalAccident85to99><Fatalities85to99>0</Fatalities85to99><Incidents00to14>0</Incidents00to14><FatalAccidents00to14>0</FatalAccidents00to14><Fatalities00to14>0</Fatalities00to14><TotalIncidents>1</TotalIncidents></Airline><Airline name="Xiamen Airlines"><AvailSeatKmPerWeek>430462962</AvailSeatKmPerWeek><Incidents85to99>9</Incidents85to99><FatalAccident85to99>1</FatalAccident85to99><Fatalities85to99>82</Fatalities85to99><Incidents00to14>2</Incidents00to14><FatalAccidents00to14>0</FatalAccidents00to14><Fatalities00to14>0</Fatalities00to14><TotalIncidents>11</TotalIncidents></Airline></Airline_Safety>